Gene;Entrez;NumSucc;NumTrials;Average;PVal;CumPosition;QValue
UQCRFS1;7386;21;60;0,922372816;1,96E-09;1;2,20E-05
SUCLG1;8802;30;117;0,922372816;4,11E-09;2;2,31E-05
MLF1;4291;25;90;0,922372816;1,37E-08;3;5,10E-05
UROS;7390;28;115;0,922372816;4,46E-08;4;0,000125162
FKBP4;2288;29;122;0,922372816;4,58E-08;5;0,000102661
VLDLR;7436;28;119;0,922372816;9,75E-08;6;0,000182174
TFRC;7037;27;119;0,922372816;3,58E-07;7;0,000573918
VPS36;51028;23;94;0,922372816;6,24E-07;8;0,000874107
COX7B;1349;12;29;0,922372816;7,06E-07;9;0,000879234
ATP5G3;518;25;109;0,922372816;7,69E-07;10;0,000862703
COL5A1;1289;26;117;0,922372816;8,93E-07;11;0,00091073
MTCH2;23788;24;105;0,922372816;1,35E-06;12;0,001264338
DLAT;1737;24;105;0,922372816;1,35E-06;13;0,001167081
COL1A1;1277;26;120;0,922372816;1,49E-06;14;0,001191369
NDUFS3;4722;25;115;0,922372816;2,20E-06;15;0,001642515
CA4;762;24;108;0,922372816;2,31E-06;16;0,001615825
RNF144A;9781;21;89;0,922372816;3,52E-06;17;0,002323579
NDUFB5;4711;25;118;0,922372816;3,59E-06;18;0,002238592
FAM162A;26355;18;69;0,922372816;3,76E-06;19;0,002221719
SOX4;6659;19;76;0,922372816;4,06E-06;20;0,00227935
KCNJ11;3767;21;90;0,922372816;4,26E-06;21;0,002274245
HMGCS1;3157;25;120;0,922372816;4,93E-06;22;0,002513967
PDHX;8050;23;106;0,922372816;5,68E-06;23;0,002768422
ITM2A;9452;22;99;0,922372816;5,97E-06;24;0,002788735
SPARC;6678;24;114;0,922372816;6,25E-06;25;0,002803004
COL4A5;1287;24;114;0,922372816;6,25E-06;26;0,002695196
ELN;2006;22;100;0,922372816;7,09E-06;27;0,002945621
FH;2271;24;115;0,922372816;7,32E-06;28;0,002930658
UBL4A;8266;15;53;0,922372816;8,08E-06;29;0,00312385
PGK1;5230;11;30;0,922372816;8,35E-06;30;0,003121399
COL15A1;1306;17;66;0,922372816;8,35E-06;31;0,003021573
CISD1;55847;23;109;0,922372816;9,27E-06;32;0,003248885
CYC1;1537;24;118;0,922372816;1,16E-05;33;0,00393996
HSPH1;10808;24;119;0,922372816;1,35E-05;34;0,00443899
DLD;1738;24;120;0,922372816;1,56E-05;35;0,004995131
COX5A;9377;24;120;0,922372816;1,56E-05;36;0,004856378
REEP1;65055;22;105;0,922372816;1,61E-05;37;0,004891474
CGRRF1;10668;21;98;0,922372816;1,74E-05;38;0,005127156
MRPL18;29074;21;98;0,922372816;1,74E-05;39;0,00499569
OPCML;4978;20;91;0,922372816;1,84E-05;40;0,005167363
NCALD;83988;22;106;0,922372816;1,89E-05;41;0,005163604
PFKM;5213;23;114;0,922372816;2,00E-05;42;0,005343813
NSD2;7468;22;107;0,922372816;2,20E-05;43;0,005745271
UQCR10;29796;21;100;0,922372816;2,40E-05;44;0,006115155
NDUFAB1;4706;22;108;0,922372816;2,56E-05;45;0,006391134
GNPAT;8443;23;116;0,922372816;2,68E-05;46;0,00653545
SLC25A11;8402;23;116;0,922372816;2,68E-05;47;0,006396398
TMEM132A;54972;19;86;0,922372816;2,73E-05;48;0,006380459
UCHL3;7347;10;28;0,922372816;2,81E-05;49;0,006442024
UQCRH;7388;10;28;0,922372816;2,81E-05;50;0,006313184
CALM2;805;10;28;0,922372816;2,81E-05;51;0,006189396
NDUFS2;4720;22;109;0,922372816;2,98E-05;52;0,006423757
MAPKAP1;79109;22;109;0,922372816;2,98E-05;53;0,006302554
GPX7;2882;21;102;0,922372816;3,28E-05;54;0,00680983
UQCRQ;27089;21;102;0,922372816;3,28E-05;55;0,006686015
FAM92A;137392;20;95;0,922372816;3,57E-05;56;0,007148714
OXCT1;5019;22;111;0,922372816;3,99E-05;57;0,007851929
HACD1;9200;18;81;0,922372816;4,05E-05;58;0,007826608
NDUFB6;4712;21;104;0,922372816;4,44E-05;59;0,008433671
NDUFAF5;79133;19;89;0,922372816;4,52E-05;60;0,008449941
SUCLA2;8803;23;120;0,922372816;4,69E-05;61;0,008625808
MRPL36;64979;18;82;0,922372816;4,81E-05;62;0,008703
NDN;4692;21;105;0,922372816;5,14E-05;63;0,009154441
SLC8A3;6547;19;90;0,922372816;5,32E-05;64;0,0093144
OXNAD1;92106;14;55;0,922372816;5,90E-05;65;0,010174951
ISCA1;81689;14;55;0,922372816;5,90E-05;66;0,010020785
SOX11;6664;22;114;0,922372816;6,09E-05;67;0,010192823
ADK;132;23;122;0,922372816;6,14E-05;68;0,010116989
WDR12;55759;22;115;0,922372816;6,98E-05;69;0,011347019
ARHGEF7;8874;23;123;0,922372816;7,00E-05;70;0,011206057
PDE4D;5144;19;92;0,922372816;7,29E-05;71;0,011507269
MKKS;8195;19;92;0,922372816;7,29E-05;72;0,011347445
ZYG11B;79699;20;100;0,922372816;7,67E-05;73;0,011782574
ADAMTS2;9509;20;101;0,922372816;8,87E-05;74;0,013442123
NKIRAS2;28511;20;101;0,922372816;8,87E-05;75;0,013262895
IGF1;3479;22;117;0,922372816;9,12E-05;76;0,013459483
KLHDC3;116138;22;117;0,922372816;9,12E-05;77;0,013284685
MDH2;4191;22;118;0,922372816;0,000103979;78;0,014946175
ARPP19;10776;18;87;0,922372816;0,000108787;79;0,01543916
TIMM21;29090;19;95;0,922372816;0,000114537;80;0,016051865
SATB1;6304;20;103;0,922372816;0,000117817;81;0,016307525
DIRC2;84925;20;103;0,922372816;0,000117817;82;0,016108653
RMDN1;51115;18;89;0,922372816;0,000147612;83;0,019937715
DNAJA3;9093;22;121;0,922372816;0,00015221;84;0,020313777
ENDOG;2021;19;97;0,922372816;0,00015285;85;0,020159202
TIMM8B;26521;21;113;0,922372816;0,000154664;86;0,020161124
PHF14;9678;20;105;0,922372816;0,000155038;87;0,01997755
HOMER1;9456;20;105;0,922372816;0,000155038;88;0,019750532
LRPPRC;10128;21;114;0,922372816;0,000175836;89;0,02214712
EPDR1;54749;19;98;0,922372816;0,00017592;90;0,021911497
CCDC28B;79140;16;75;0,922372816;0,00017659;91;0,02175319
NDUFA9;4704;9;28;0,922372816;0,000180424;92;0,021983704
HMP19;51617;15;68;0,922372816;0,000188266;93;0,022692048
CHCHD3;54927;21;115;0,922372816;0,000199519;94;0,023791927
RGS4;5999;19;99;0,922372816;0,000201986;95;0,023832432
THY1;7070;19;99;0,922372816;0,000201986;96;0,023584177
SERPINF1;5176;20;107;0,922372816;0,000202238;97;0,023370078
STUM;375057;15;69;0,922372816;0,000223413;98;0,02555215
CBX6;23466;18;92;0,922372816;0,000228534;99;0,025873443
NOA1;84273;19;100;0,922372816;0,000231372;100;0,0259327
APLNR;187;19;100;0,922372816;0,000231372;101;0,02567594
DNM1L;10059;22;125;0,922372816;0,000246747;102;0,027112522
LDHA;3939;21;117;0,922372816;0,000255436;103;0,027794126
PRDX3;10935;21;117;0,922372816;0,000255436;104;0,027526875
PRADC1;84279;17;85;0,922372816;0,000256312;105;0,027358179
PDHB;5162;20;109;0,922372816;0,000261601;106;0,027658895
PTPRO;5800;19;101;0,922372816;0,000264427;107;0,027696223
ATP5C1;509;17;86;0,922372816;0,000296552;108;0,030770825
C11orf95;65998;17;86;0,922372816;0,000296552;109;0,030488524
DNAJC25;548645;8;24;0,922372816;0,000311628;110;0,031745985
CYCS;54205;9;30;0,922372816;0,000324136;111;0,032721655
NREP;9315;9;30;0,922372816;0,000324136;112;0,032429497
COA1;55744;9;30;0,922372816;0,000324136;113;0,032142511
CIAPIN1;57019;21;119;0,922372816;0,000324642;114;0,031910221
KIAA1644;85352;14;64;0,922372816;0,000333944;115;0,032538329
MAPK6;5597;20;111;0,922372816;0,000335673;116;0,03242472
VANGL2;57216;17;87;0,922372816;0,000342152;117;0,032767523
STRADB;55437;19;103;0,922372816;0,000343081;118;0,03257797
HR;55806;19;103;0,922372816;0,000343081;119;0,032304206
GOT2;2806;19;103;0,922372816;0,000343081;120;0,032035004
KCNC1;3746;18;95;0,922372816;0,000345686;121;0,032011235
TMEM41B;440026;18;95;0,922372816;0,000345686;122;0,031748848
DYRK2;8445;18;95;0,922372816;0,000345686;123;0,031490727
NDUFAF4;29078;15;72;0,922372816;0,000364851;124;0,032966907
SLC25A5;292;20;112;0,922372816;0,00037913;125;0,033981768
CYP51A1;1595;19;104;0,922372816;0,000389526;126;0,034635522
CCM2;83605;17;88;0,922372816;0,000393691;127;0,034729876
CLYBL;171425;17;88;0,922372816;0,000393691;128;0,034458548
ASNA1;439;18;96;0,922372816;0,000394887;129;0,034295206
CENPV;201161;14;65;0,922372816;0,00039545;130;0,03407984
ATP5B;506;20;113;0,922372816;0,000427402;131;0,036549241
GHITM;27069;20;113;0,922372816;0,000427402;132;0,036272353
NDUFB10;4716;20;113;0,922372816;0,000427402;133;0,035999628
C16orf87;388272;16;81;0,922372816;0,000444655;134;0,037171661
NEK2;4751;18;97;0,922372816;0,000450035;135;0,037342179
PARP6;56965;18;97;0,922372816;0,000450035;136;0,037067604
PPARGC1A;10891;18;97;0,922372816;0,000450035;137;0,036797038
COL1A2;1278;17;89;0,922372816;0,000451793;138;0,036672939
SLC25A3;5250;21;122;0,922372816;0,00045909;139;0,036996438
MRPL15;29088;20;114;0,922372816;0,000480927;140;0,038477161
ATP5J;522;19;106;0,922372816;0,000499001;141;0,03963822
MRPS33;51650;18;98;0,922372816;0,00051171;142;0,040360191
NDUFA4;4697;18;98;0,922372816;0,00051171;143;0,040077952
MEX3B;84206;17;90;0,922372816;0,000517131;144;0,040220627
MPC2;25874;17;90;0,922372816;0,000517131;145;0,039943244
KDM5B;10765;20;115;0,922372816;0,00054017;146;0,041434549
CADM2;253559;14;67;0,922372816;0,000547817;147;0,041734417
NECAB3;63941;14;67;0,922372816;0,000547817;148;0,041452427
PLPPR5;163404;14;67;0,922372816;0,000547817;149;0,041174223
MDH1;4190;21;124;0,922372816;0,000573579;150;0,042820242
MRPL12;6182;18;99;0,922372816;0,000580538;151;0,043051931
ADAMTS10;81794;17;91;0,922372816;0,000590427;152;0,043496083
FABP5;2171;17;91;0,922372816;0,000590427;153;0,043211795
IMMT;10989;20;116;0,922372816;0,00060563;154;0,044034898
GNB4;59345;20;116;0,922372816;0,00060563;155;0,043750802
CAMK4;814;19;108;0,922372816;0,000634128;156;0,045512441
C16orf91;283951;17;92;0,922372816;0,000672456;157;0,047951088
DOC2A;8448;17;92;0,922372816;0,000672456;158;0,0476476
MRPL37;51253;17;92;0,922372816;0,000672456;159;0,04734793
TIMMDC1;51300;16;84;0,922372816;0,000677112;160;0,047377215
TTC9B;148014;13;61;0,922372816;0,000700578;161;0,048711675
COL4A1;1282;19;109;0,922372816;0,000712772;162;0,049252044
MYT1L;23040;18;101;0,922372816;0,00074236;163;0,05097789
DNAJB5;25822;18;101;0,922372816;0,00074236;164;0,050667049
EEF1E1;9521;8;27;0,922372816;0,000762002;165;0,051689784
MCEE;84693;17;93;0,922372816;0,000764046;166;0,051515921
TMEM126A;84233;17;93;0,922372816;0,000764046;167;0,051207442
ACSS2;55902;17;93;0,922372816;0,000764046;168;0,050902636
PPID;5481;15;77;0,922372816;0,000770542;169;0,051030786
TMEM177;80775;16;85;0,922372816;0,000774689;170;0,051003064
DNAJC19;131118;11;47;0,922372816;0,000775609;171;0,050764914
MOSPD1;56180;13;62;0,922372816;0,000824077;172;0,053616782
CHST2;9435;18;102;0,922372816;0,000836825;173;0,054129671
PGAM2;5224;17;94;0,922372816;0,000866081;174;0,055695858
EIF3J;8669;12;55;0,922372816;0,000890747;175;0,056951087
FABP3;2170;12;55;0,922372816;0,000890747;176;0,056627501
ACOT13;55856;19;111;0,922372816;0,000895484;177;0,056606314
DCAKD;79877;19;111;0,922372816;0,000895484;178;0,056288301
MAPK8;5599;20;120;0,922372816;0,000940711;179;0,058793879
UQCRC2;7385;20;120;0,922372816;0,000940711;180;0,058467246
MEF2D;4209;20;120;0,922372816;0,000940711;181;0,058144223
TUBG1;7283;18;103;0,922372816;0,000941382;182;0,057865865
NDUFA6;4700;17;95;0,922372816;0,0009795;183;0,059873956
OSBPL6;114880;16;87;0,922372816;0,001006079;184;0,061160133
ST8SIA5;29906;16;87;0,922372816;0,001006079;185;0,060829537
NDUFC1;4717;16;87;0,922372816;0,001006079;186;0,060502497
FOXG1;2290;16;87;0,922372816;0,001006079;187;0,060178954
PAQR9;344838;15;79;0,922372816;0,001016449;188;0,060474215
FAM131A;131408;15;79;0,922372816;0,001016449;189;0,060154246
PLPPR4;9890;15;79;0,922372816;0,001016449;190;0,059837644
DNAJC18;202052;18;104;0,922372816;0,001056887;191;0,061885862
MPC1;51660;17;96;0,922372816;0,001105303;192;0,064375596
IGSF3;3321;17;96;0,922372816;0,001105303;193;0,064042044
VTN;7448;17;96;0,922372816;0,001105303;194;0,06371193
NETO2;81831;17;96;0,922372816;0,001105303;195;0,063385202
SLC2A4;6517;19;113;0,922372816;0,001116911;196;0,063722151
STMN2;11075;16;88;0,922372816;0,001142165;197;0,06482787
NMNAT1;64802;16;88;0,922372816;0,001142165;198;0,064500456
AASDHPPT;60496;16;88;0,922372816;0,001142165;199;0,064176334
CDK16;5127;18;105;0,922372816;0,001184243;200;0,066200619
COQ9;57017;19;114;0,922372816;0,001244108;201;0,069190249
RTN2;6253;17;97;0,922372816;0,001244547;202;0,06887197
TMEM261;90871;17;97;0,922372816;0,001244547;203;0,068532699
CKMT2;1160;13;65;0,922372816;0,001308972;204;0,071714854
GLRX3;10539;18;106;0,922372816;0,001324406;205;0,072203576
TBCEL;219899;18;106;0,922372816;0,001324406;206;0,071853073
CX3CL1;6376;18;106;0,922372816;0,001324406;207;0,071505957
COX10;1352;18;106;0,922372816;0,001324406;208;0,071162178
TARSL2;123283;15;81;0,922372816;0,001325451;209;0,070877335
STAU2;27067;14;73;0,922372816;0,001333448;210;0,070963943
GOT1;2805;19;115;0,922372816;0,001383429;211;0,073265311
NDUFA8;4702;19;115;0,922372816;0,001383429;212;0,07291972
TRIB2;28951;17;98;0,922372816;0,001398353;213;0,073357433
SLC41A3;54946;17;98;0,922372816;0,001398353;214;0,073014642
CLCN4;1183;17;98;0,922372816;0,001398353;215;0,072675039
MPST;4357;17;98;0,922372816;0,001398353;216;0,07233858
ANKRD50;57182;10;43;0,922372816;0,001400543;217;0,072117603
N4BP2;55728;16;90;0,922372816;0,001461339;218;0,074890977
DNAJB11;51726;18;107;0,922372816;0,001478383;219;0,075415157
HIKESHI;51501;18;107;0,922372816;0,001478383;220;0,075072361
HRASLS;57110;15;82;0,922372816;0,001507336;221;0,076190434
FITM2;128486;15;82;0,922372816;0,001507336;222;0,075847233
IDH3B;3420;19;116;0,922372816;0,001535781;223;0,076926272
MRPS15;64960;19;116;0,922372816;0,001535781;224;0,076582851
ACYP2;98;17;99;0,922372816;0,0015679;225;0,077830406
SOBP;55084;17;99;0,922372816;0,0015679;226;0,077486023
C1orf122;127687;11;51;0,922372816;0,001590398;227;0,078247002
UQCRB;7381;8;30;0,922372816;0,001628583;228;0,079766297
MLEC;9761;18;108;0,922372816;0,001647234;229;0,080323556
FRMPD2;143162;10;44;0,922372816;0,001687739;230;0,081932125
AIFM1;9131;19;117;0,922372816;0,001702118;231;0,082269328
RTN4RL1;146760;15;83;0,922372816;0,001709642;232;0,082275212
GLRX5;51218;17;100;0,922372816;0,001754432;233;0,08405841
TNFRSF19;55504;17;100;0,922372816;0,001754432;234;0,083699186
NDUFA12;55967;17;100;0,922372816;0,001754432;235;0,083343019
RFWD2;64326;17;100;0,922372816;0,001754432;236;0,082989871
BTBD10;84280;17;100;0,922372816;0,001754432;237;0,082639702
NNT;23530;18;109;0,922372816;0,001832073;238;0,085916739
ATP5G1;516;16;92;0,922372816;0,001852328;239;0,086498557
UBL5;59286;11;52;0,922372816;0,001877325;240;0,087294804
TRMT12;55039;15;84;0,922372816;0,001934105;241;0,089548536
MCTS1;28985;15;84;0,922372816;0,001934105;242;0,089178501
MRPS22;56945;15;84;0,922372816;0,001934105;243;0,088811511
DCLK1;9201;17;101;0,922372816;0,001959256;244;0,08959174
EGR3;1960;17;101;0,922372816;0,001959256;245;0,089226059
DAAM2;23500;12;60;0,922372816;0,001978527;246;0,089732849
FAM57B;83723;14;76;0,922372816;0,001990721;247;0,089917474
ACVR1;90;18;110;0,922372816;0,002034067;248;0,091494446
SLC25A4;291;18;110;0,922372816;0,002034067;249;0,091126998
RBM18;92400;18;110;0,922372816;0,002034067;250;0,09076249
NDUFA10;4705;18;110;0,922372816;0,002034067;251;0,090400887
MRS2;57380;16;93;0,922372816;0,002078465;252;0,091996773
COX4I1;1327;19;119;0,922372816;0,002080786;253;0,091734903
TBC1D1;23216;19;119;0,922372816;0,002080786;254;0,091373742
CLEC11A;6320;17;102;0,922372816;0,002183742;255;0,095492942
CNOT9;9125;17;102;0,922372816;0,002183742;256;0,095119922
SCN4B;6330;14;77;0,922372816;0,002261872;257;0,098119564
FOXL1;2300;12;61;0,922372816;0,002291494;258;0,099011556
MRPS35;60488;17;103;0,922372816;0,002429325;259;0,104523784
TMEM38A;79041;15;86;0,922372816;0,002456899;260;0,10529594
ARHGAP20;57569;15;86;0,922372816;0,002456899;261;0,104892508
ABHD14A;25864;18;112;0,922372816;0,002494462;262;0,106079251
KCMF1;56888;18;112;0,922372816;0,002494462;263;0,105675908
PREP;5550;19;121;0,922372816;0,002527985;264;0,106680991
FTSJ1;24140;14;78;0,922372816;0,002562776;265;0,10773116
CDK5R2;8941;14;78;0,922372816;0,002562776;266;0,107326156
MRPL48;51642;16;95;0,922372816;0,002600103;267;0,108470871
LDLRAD4;753;15;87;0,922372816;0,002759153;268;0,114628547
MTFP1;51537;15;87;0,922372816;0,002759153;269;0,114202418
MRPL34;64981;16;96;0,922372816;0,002899063;270;0,119504831
ZNF32;7580;16;96;0,922372816;0,002899063;271;0,119063854
ZNF415;55786;7;26;0,922372816;0,002981837;272;0,12198651
PEX2;5828;17;105;0,922372816;0,002989837;273;0,12186317
SCRN3;79634;17;105;0,922372816;0,002989837;274;0,121418414
TSEN15;116461;17;105;0,922372816;0,002989837;275;0,120976893
NDUFB3;4709;13;71;0,922372816;0,002995528;276;0,120766201
MRPL39;54148;13;71;0,922372816;0,002995528;277;0,120330222
NDUFV1;4723;18;114;0,922372816;0,003038853;278;0,12161759
TUBB;203068;18;114;0,922372816;0,003038853;279;0,121181685
AP2B1;163;18;114;0,922372816;0,003038853;280;0,120748893
ABHD5;51099;18;114;0,922372816;0,003038853;281;0,120319182
PHB2;11331;19;123;0,922372816;0,003053024;282;0,120447108
PPEF1;5475;9;40;0,922372816;0,003053219;283;0,120029088
PCDH12;51294;15;88;0,922372816;0,00309141;284;0,121090373
HSPD1;3329;15;88;0,922372816;0,00309141;285;0,120665495
JAKMIP1;152789;15;88;0,922372816;0,00309141;286;0,120243587
TTC19;54902;15;88;0,922372816;0,00309141;287;0,11982462
PHYH;5264;16;97;0,922372816;0,00322588;288;0,124558378
RTN4IP1;84816;16;97;0,922372816;0,00322588;289;0,124127381
B3GALT2;8707;14;80;0,922372816;0,003263541;290;0,125131037
BZW2;28969;18;115;0,922372816;0,003346045;291;0,127825707
SOWAHA;134548;13;72;0,922372816;0,003400072;292;0,129426348
MRPL42;28977;15;89;0,922372816;0,003455856;293;0,131081526
SLITRK5;26050;11;56;0,922372816;0,003474589;294;0,13133729
ENC1;8507;16;98;0,922372816;0,003582471;295;0,134917695
RXRG;6258;16;98;0,922372816;0,003582471;296;0,134461892
ZNF830;91603;16;98;0,922372816;0,003582471;297;0,134009159
CBFA2T3;863;16;98;0,922372816;0,003582471;298;0,133559463
PLCB1;23236;17;107;0,922372816;0,003653538;299;0,135727891
DNMT3A;1788;17;107;0,922372816;0,003653538;300;0,135275465
CDH4;1002;14;81;0,922372816;0,003668515;301;0,135373382
PIGQ;9091;18;116;0,922372816;0,003678542;302;0,135290349
ATG5;9474;7;27;0,922372816;0,003758779;303;0,137755851
HIST1H1B;3009;8;34;0,922372816;0,003823501;304;0,139643029
CNKSR2;22866;15;90;0,922372816;0,003854759;305;0,140311459
KIAA1468;57614;15;90;0,922372816;0,003854759;306;0,139852925
GRIN3A;116443;10;49;0,922372816;0,003917558;307;0,1416448
ADAM11;4185;16;99;0,922372816;0,003970822;308;0,143084356
CHD3;1107;16;99;0,922372816;0,003970822;309;0,1426213
LBX1;10660;11;57;0,922372816;0,004008399;310;0,143492268
CASQ1;844;17;108;0,922372816;0,004028342;311;0,143734913
GPAM;57678;18;117;0,922372816;0,004037892;312;0,143610281
CCDC91;55297;14;82;0,922372816;0,004113463;313;0,145801458
MEST;4232;15;91;0,922372816;0,004290475;314;0,151520318
ECSIT;51295;15;91;0,922372816;0,004290475;315;0,151039302
FXYD7;53822;13;74;0,922372816;0,004342098;316;0,152352048
FAM98A;25940;16;100;0,922372816;0,004392992;317;0,153630842
MOCS2;4338;16;100;0,922372816;0,004392992;318;0,153147727
MRPS36;92259;16;100;0,922372816;0,004392992;319;0,15266764
SEMA6C;10500;16;100;0,922372816;0,004392992;320;0,152190553
SRR;63826;16;100;0,922372816;0,004392992;321;0,151716439
NDUFS1;4719;18;118;0,922372816;0,004425694;322;0,152357983
SLC25A20;788;18;118;0,922372816;0,004425694;323;0,151886286
ATP5H;10476;7;28;0,922372816;0,004680161;324;0,160015743
SDHD;6392;7;28;0,922372816;0,004680161;325;0,159523387
RAB6A;5870;7;28;0,922372816;0,004680161;326;0,159034051
TMEM126B;55863;15;92;0,922372816;0,004765439;327;0,161400159
MRPL33;9553;15;92;0,922372816;0,004765439;328;0,160908086
PSMD7;5713;18;119;0,922372816;0,004843599;329;0,163016332
PSMB7;5695;16;101;0,922372816;0,004851107;330;0,162771029
GADD45G;10912;17;110;0,922372816;0,004872903;331;0,162998987
EMID1;129080;12;67;0,922372816;0,005121166;332;0,170675023
NEURL1B;54492;12;67;0,922372816;0,005121166;333;0,170162486
NECTIN3;25945;14;84;0,922372816;0,005134613;334;0,170092424
SCCPDH;51097;14;84;0,922372816;0,005134613;335;0,169584686
GREM1;26585;15;93;0,922372816;0,005282165;336;0,17387067
NNMT;4837;15;93;0,922372816;0,005282165;337;0,173354734
MAP2K6;5608;18;120;0,922372816;0,005293307;338;0,173201316
ING4;51147;18;120;0,922372816;0,005293307;339;0,172690397
GPD2;2820;17;111;0,922372816;0,005346455;340;0,1738868
MET;4233;16;102;0,922372816;0,005347361;341;0,17340581
CDK5R1;8851;16;102;0,922372816;0,005347361;342;0,172898775
SAMM50;25813;16;102;0,922372816;0,005347361;343;0,172394697
ADGRL1;22859;16;102;0,922372816;0,005347361;344;0,17189355
MAMDC2;256691;13;76;0,922372816;0,005483709;345;0,175701961
SOX7;83595;6;22;0,922372816;0,005499302;346;0,175685051
TATDN1;83940;6;22;0,922372816;0,005499302;347;0,175178754
DUT;1854;14;85;0,922372816;0,00571671;348;0,181476112
TUB;7275;14;85;0,922372816;0,00571671;349;0,180956123
GFM1;85476;18;121;0,922372816;0,005776567;350;0,182299397
AUH;549;18;121;0,922372816;0,005776567;351;0,181780026
TMCC1;23023;12;68;0,922372816;0,005787749;352;0,181609104
C16orf72;29035;15;94;0,922372816;0,005843242;353;0,18280399
POLG;5428;17;112;0,922372816;0,005856812;354;0,182704358
SH3KBP1;30011;17;112;0,922372816;0,005856812;355;0,182189698
ATP1B2;482;17;112;0,922372816;0,005856812;356;0,181677929
DNAJC21;134218;17;112;0,922372816;0,005856812;357;0,181169027
ENY2;56943;16;103;0,922372816;0,005884011;358;0,181488844
GUCY1B3;2983;16;103;0,922372816;0,005884011;359;0,180983304
S1PR1;1901;16;103;0,922372816;0,005884011;360;0,180480573
HIST3H2A;92815;11;60;0,922372816;0,006010194;361;0,183778657
UBE2QL1;134111;13;77;0,922372816;0,006138144;362;0,187108939
LECT2;3950;13;77;0,922372816;0,006138144;363;0,186593488
ATP5F1;515;14;86;0,922372816;0,006350562;364;0,192411641
COX6C;1345;14;86;0,922372816;0,006350562;365;0,191884486
C14orf2;9556;14;86;0,922372816;0,006350562;366;0,191360211
DCUN1D5;84259;17;113;0,922372816;0,006406008;367;0,192476572
FAHD1;81889;15;95;0,922372816;0,00645133;368;0,193288282
NELL2;4753;15;95;0,922372816;0,00645133;369;0,192764466
ING3;54556;15;95;0,922372816;0,00645133;370;0,192243481
SCOC;60592;15;95;0,922372816;0,00645133;371;0,191725304
SH2D5;400745;11;61;0,922372816;0,006828308;372;0,20218
RFTN1;23180;11;61;0,922372816;0,006828308;373;0,201637963
TPM1;7168;18;123;0,922372816;0,006850972;374;0,201754115
DNAJA1;3301;18;123;0,922372816;0,006850972;375;0,201216104
C7orf73;647087;9;45;0,922372816;0,006966962;376;0,204015486
RBX1;9978;10;53;0,922372816;0,007003786;377;0,204529716
CXorf40A;91966;7;30;0,922372816;0,007019732;378;0,204444386
TPI1;7167;14;87;0,922372816;0,007039325;379;0,204463405
RNF123;63891;14;87;0,922372816;0,007039325;380;0,203925344
DALRD3;55152;14;87;0,922372816;0,007039325;381;0,203390107
PMPCB;9512;16;105;0,922372816;0,007087833;382;0,204229132
EPHA4;2043;16;105;0,922372816;0,007087833;383;0,203695897
MARK1;4139;16;105;0,922372816;0,007087833;384;0,203165439
GPCPD1;56261;16;105;0,922372816;0,007087833;385;0,202637737
EIF4EBP2;1979;15;96;0,922372816;0,007109157;386;0,202709318
RPP14;11102;15;96;0,922372816;0,007109157;387;0,202185522
PARP1;142;18;124;0,922372816;0,007445842;388;0,211025476
AIMP2;7965;17;115;0,922372816;0,007629305;389;0,215563613
MYO1B;4430;17;115;0,922372816;0,007629305;390;0,215010886
PDP1;54704;16;106;0,922372816;0,007759812;391;0,21805352
PIGC;5279;16;106;0,922372816;0,007759812;392;0,217497261
UBE2V2;7336;16;106;0,922372816;0,007759812;393;0,216943833
C15orf61;145853;14;88;0,922372816;0,007786228;394;0,217114556
SNRPN;6638;14;88;0,922372816;0,007786228;395;0,216564899
SIAE;54414;15;97;0,922372816;0,007819513;396;0,216922164
MYNN;55892;15;97;0,922372816;0,007819513;397;0,21637576
CPPED1;55313;15;97;0,922372816;0,007819513;398;0,215832103
ITGB1BP1;9270;15;97;0,922372816;0,007819513;399;0,21529117
PDK2;5164;15;97;0,922372816;0,007819513;400;0,214752942
TMTC4;84899;15;97;0,922372816;0,007819513;401;0,214217399
UBTD2;92181;10;54;0,922372816;0,008009758;402;0,218772107
CCDC180;100499483;9;46;0,922372816;0,008076697;403;0,22001365
COQ3;51805;12;71;0,922372816;0,008206899;404;0,222929427
CRH;1392;12;71;0,922372816;0,008206899;405;0,222378984
MFAP4;4239;13;80;0,922372816;0,008480451;406;0,229057624
NPNT;255743;13;80;0,922372816;0,008480451;407;0,228494829
LRRC4;64101;13;80;0,922372816;0,008480451;408;0,227934792
AFAP1L1;134265;13;80;0,922372816;0,008480451;409;0,227377495
ERLEC1;27248;16;107;0,922372816;0,008481794;410;0,226858006
DOT1L;84444;16;107;0,922372816;0,008481794;411;0,22630604
CCNH;902;16;107;0,922372816;0,008481794;412;0,225756754
RNLS;55328;15;98;0,922372816;0,008585243;413;0,22789382
NGEF;25791;14;89;0,922372816;0,008594564;414;0,2275845
TP53RK;112858;6;24;0,922372816;0,008677531;415;0,229176857
COA6;388753;6;24;0,922372816;0,008677531;416;0,228625952
SQLE;6713;17;117;0,922372816;0,00903359;417;0,237209826
TXN2;25828;17;117;0,922372816;0,00903359;418;0,236642339
GRPEL1;80273;17;117;0,922372816;0,00903359;419;0,23607756
EVL;51466;17;117;0,922372816;0,00903359;420;0,235515471
PITPNA;5306;17;117;0,922372816;0,00903359;421;0,234956051
NRN1;51299;10;55;0,922372816;0,009123216;422;0,236667988
MAL2;114569;10;55;0,922372816;0,009123216;423;0,236108489
TESPA1;9840;10;55;0,922372816;0,009123216;424;0,235551629
DHRS7C;201140;12;72;0,922372816;0,009168264;425;0,236129238
KCNV1;27012;12;72;0,922372816;0,009168264;426;0,235574944
POPDC3;64208;12;72;0,922372816;0,009168264;427;0,235023246
CALB1;793;16;108;0,922372816;0,009256307;428;0,236669894
SLC16A10;117247;16;108;0,922372816;0,009256307;429;0,236118216
MFAP2;4237;16;108;0,922372816;0,009256307;430;0,235569104
THRA;7067;16;108;0,922372816;0,009256307;431;0,23502254
RTL6;84247;16;108;0,922372816;0,009256307;432;0,234478506
NR4A3;8013;15;99;0,922372816;0,009409247;433;0,237704728
KCNB1;3745;15;99;0,922372816;0,009409247;434;0,237157021
COX7A2;1347;15;99;0,922372816;0,009409247;435;0,236611832
MRPS16;51021;15;99;0,922372816;0,009409247;436;0,236069145
MRPL21;219927;15;99;0,922372816;0,009409247;437;0,235528941
RGS7;6000;14;90;0,922372816;0,009467686;438;0,236413618
CLSTN3;9746;14;90;0,922372816;0,009467686;439;0,23587509
GPHN;10243;14;90;0,922372816;0,009467686;440;0,23533901
FAM126A;84668;14;90;0,922372816;0,009467686;441;0,234805362
SLC38A4;55089;14;90;0,922372816;0,009467686;442;0,234274128
RWDD2B;10069;14;90;0,922372816;0,009467686;443;0,233745292
MRPL13;28998;17;118;0,922372816;0,009809176;444;0,241409363
STRBP;55342;17;118;0,922372816;0,009809176;445;0,24086687
OAT;4942;17;118;0,922372816;0,009809176;446;0,24032681
COPS8;10920;17;118;0,922372816;0,009809176;447;0,239789166
ACTL7A;10881;11;64;0,922372816;0,009811771;448;0,239315546
DUSP14;11072;11;64;0,922372816;0,009811771;449;0,238782549
MRPL3;11222;16;109;0,922372816;0,010085922;450;0,244728568
PRDX5;25824;16;109;0,922372816;0,010085922;451;0,244185933
OSBP;5007;16;109;0,922372816;0,010085922;452;0,243645699
NPAS2;4862;16;109;0,922372816;0,010085922;453;0,243107849
MRPL50;54534;16;109;0,922372816;0,010085922;454;0,24257237
H2AFV;94239;12;73;0,922372816;0,010214905;455;0,245049566
PHOSPHO1;162466;12;73;0,922372816;0,010214905;456;0,244512177
C7orf25;79020;15;100;0,922372816;0,010294469;457;0,245824862
ARNTL;406;15;100;0,922372816;0,010294469;458;0,245288126
RITA1;84934;15;100;0,922372816;0,010294469;459;0,244753729
ACTR10;55860;15;100;0,922372816;0,010294469;460;0,244221656
SC5D;6309;15;100;0,922372816;0,010294469;461;0,243691891
SMAP1;60682;15;100;0,922372816;0,010294469;462;0,243164419
UBE2S;27338;15;100;0,922372816;0,010294469;463;0,242639226
MYLK4;340156;10;56;0,922372816;0,010351178;464;0,243412919
SH3RF3;344558;13;82;0,922372816;0,010396466;465;0,243922412
PLPP7;84814;13;82;0,922372816;0,010396466;466;0,243398973
ZBTB8OS;339487;14;91;0,922372816;0,010408998;467;0,243162329
SORL1;6653;14;91;0,922372816;0,010408998;468;0,242642751
AK2;204;17;119;0,922372816;0,010636772;469;0,24727207
MAPK9;5601;17;119;0,922372816;0,010636772;470;0,246745959
IVNS1ABP;10625;17;119;0,922372816;0,010636772;471;0,246222082
ACADM;34;17;119;0,922372816;0,010636772;472;0,245700425
PPP1R14B;26472;6;25;0,922372816;0,010680786;473;0,246166337
PHYHD1;254295;9;48;0,922372816;0,010693114;474;0,245922371
MRPS12;6183;16;110;0,922372816;0,010973244;475;0,251643609
ROGDI;79641;16;110;0,922372816;0,010973244;476;0,251114946
ADCY2;108;11;65;0,922372816;0,011001474;477;0,25121407
PDS5B;23047;15;101;0,922372816;0,011243892;478;0,256045079
FBXO9;26268;15;101;0,922372816;0,011243892;479;0,255510538
PCCB;5096;15;101;0,922372816;0,011243892;480;0,254978224
NAPEPLD;222236;12;74;0,922372816;0,011351578;481;0,256810442
CTXN1;404217;12;74;0,922372816;0,011351578;482;0,256277641
DMRT2;10655;12;74;0,922372816;0,011351578;483;0,255747045
RDH14;57665;14;92;0,922372816;0,011421944;484;0,256751955
SSTR1;6751;14;92;0,922372816;0,011421944;485;0,25622257
KDM6B;23135;14;92;0,922372816;0,011421944;486;0,255695363
SLC8A2;6543;14;92;0,922372816;0,011421944;487;0,255170321
EMC4;51234;14;92;0,922372816;0,011421944;488;0,254647431
ARL5B;221079;14;92;0,922372816;0,011421944;489;0,254126679
CBX8;57332;14;92;0,922372816;0,011421944;490;0,253608054
CNIH2;254263;14;92;0,922372816;0,011421944;491;0,25309154
NLE1;54475;14;92;0,922372816;0,011421944;492;0,252577127
TRIM9;114088;13;83;0,922372816;0,011472731;493;0,2531509
MRPL11;65003;17;120;0,922372816;0,011518703;494;0,253619336
SPAST;6683;17;120;0,922372816;0,011518703;495;0,253106974
CARNMT1;138199;10;57;0,922372816;0,011700706;496;0,256461836
LRFN5;145581;10;57;0,922372816;0,011700706;497;0,255945817
DNAJB8;165721;10;57;0,922372816;0,011700706;498;0,255431869
TRIM27;5987;16;111;0,922372816;0,011920913;499;0,25956318
PHKA1;5255;16;111;0,922372816;0,011920913;500;0,259044054
KRTAP26-1;388818;7;33;0,922372816;0,012012076;501;0,260439876
FAM210A;125228;15;102;0,922372816;0,012260536;502;0,265119208
KYAT1;883;15;102;0,922372816;0,012260536;503;0,264592132
NDUFA5;4698;15;102;0,922372816;0,012260536;504;0,264067148
ADRA1A;148;15;102;0,922372816;0,012260536;505;0,263544242
KIAA1161;57462;15;102;0,922372816;0,012260536;506;0,263023404
KIF3C;3797;15;102;0,922372816;0,012260536;507;0,26250462
AMPH;273;11;66;0,922372816;0,012298343;508;0,262768891
MYH10;4628;11;66;0,922372816;0,012298343;509;0,262252646
C14orf132;56967;11;66;0,922372816;0,012298343;510;0,261738425
C12orf73;728568;8;41;0,922372816;0,01240109;511;0,26333546
TP53INP2;58476;14;93;0,922372816;0,012510006;512;0,265051327
NAA38;84316;14;93;0,922372816;0,012510006;513;0,264534658
TLN2;83660;14;93;0,922372816;0,012510006;514;0,264019999
LIX1;167410;14;93;0,922372816;0,012510006;515;0,263507339
ENSA;2029;14;93;0,922372816;0,012510006;516;0,262996666
SPATA2L;124044;13;84;0,922372816;0,012633231;517;0,26498513
CLSTN2;64084;13;84;0,922372816;0,012633231;518;0,264473575
WHRN;25861;13;84;0,922372816;0,012633231;519;0,263963992
MAMDC4;158056;13;84;0,922372816;0,012633231;520;0,263456369
SLC38A1;81539;16;112;0,922372816;0,012931597;521;0,268943578
HSPA14;51182;16;112;0,922372816;0,012931597;522;0,26842836
COL5A2;1290;16;112;0,922372816;0,012931597;523;0,267915113
DNAJC11;55735;16;112;0,922372816;0,012931597;524;0,267403824
TUBA4A;7277;16;112;0,922372816;0,012931597;525;0,266894484
APOO;79135;6;26;0,922372816;0,012990471;526;0,267557188
CXADR;1525;6;26;0,922372816;0,012990471;527;0,267049489
ANK2;287;6;26;0,922372816;0,012990471;528;0,266543714
SYT16;83851;10;58;0,922372816;0,013178867;529;0,269760374
ADGRL2;23266;15;103;0,922372816;0,013347443;530;0,272570886
SMC6;79677;17;122;0,922372816;0,013455003;531;0,274169938
ATP2C1;27032;17;122;0,922372816;0,013455003;532;0,273654581
PROM1;8842;14;94;0,922372816;0,01367669;533;0,277474519
NAA20;51126;14;94;0,922372816;0,01367669;534;0,276954904
C1orf52;148423;14;94;0,922372816;0,01367669;535;0,276437231
COL11A2;1302;14;94;0,922372816;0,01367669;536;0,27592149
YPEL1;29799;14;94;0,922372816;0,01367669;537;0,27540767
UBALD2;283991;11;67;0,922372816;0,013708145;538;0,275504474
TTLL10;254173;11;67;0,922372816;0,013708145;539;0,274993334
STAMBP;10617;11;67;0,922372816;0,013708145;540;0,274484087
CRLS1;54675;13;85;0,922372816;0,013882048;541;0,277321435
CXXC4;80319;13;85;0,922372816;0,013882048;542;0,276809772
PDHA1;5160;13;85;0,922372816;0,013882048;543;0,276299993
KCNMB4;27345;13;85;0,922372816;0,013882048;544;0,275792089
ATXN7L3B;552889;12;76;0,922372816;0,013914205;545;0,275899634
MFF;56947;12;76;0,922372816;0,013914205;546;0,275394324
RHEBL1;121268;12;76;0,922372816;0,013914205;547;0,274890861
ADAM19;8728;16;113;0,922372816;0,014007983;548;0,276168192
ACAT1;38;16;113;0,922372816;0,014007983;549;0,275665153
PSMD8;5714;16;113;0,922372816;0,014007983;550;0,275163944
SMCO1;255798;8;42;0,922372816;0,014301141;551;0,280189386
AGPS;8540;15;104;0,922372816;0,014507679;552;0,283561658
FUT8;2530;15;104;0,922372816;0,014507679;553;0,283048889
HSPB11;51668;15;104;0,922372816;0,014507679;554;0,28253797
BCL2L13;23786;15;104;0,922372816;0,014507679;555;0,282028893
RRAS2;22800;15;104;0,922372816;0,014507679;556;0,281521646
SEL1L;6400;15;104;0,922372816;0,014507679;557;0,281016222
SIPA1L2;57568;15;104;0,922372816;0,014507679;558;0,280512608
TUBB2A;7280;15;104;0,922372816;0,014507679;559;0,280010797
RTCA;8634;15;104;0,922372816;0,014507679;560;0,279510778
ESRRA;2101;15;104;0,922372816;0,014507679;561;0,279012541
sept-06;23157;15;104;0,922372816;0,014507679;562;0,278516077
ALAD;210;17;123;0,922372816;0,01451414;563;0,278140301
KLF9;687;17;123;0,922372816;0,01451414;564;0,277647144
HOXC10;3226;10;59;0,922372816;0,014792706;565;0,282261049
RGS7BP;401190;10;59;0,922372816;0,014792706;566;0,281762355
CKM;1158;14;95;0,922372816;0,014925518;567;0,283688052
AXIN2;8313;14;95;0,922372816;0,014925518;568;0,283188601
CRMP1;1400;14;95;0,922372816;0,014925518;569;0,282690906
C5orf22;55322;14;95;0,922372816;0,014925518;570;0,282194957
UCP3;7352;14;95;0,922372816;0,014925518;571;0,281700745
TIPRL;261726;16;114;0,922372816;0,015152776;572;0,285313276
OLFM1;10439;16;114;0,922372816;0,015152776;573;0,284815347
NDUFB9;4715;16;114;0,922372816;0,015152776;574;0,284319153
LEF1;51176;16;114;0,922372816;0,015152776;575;0,283824685
TRAP1;10131;16;114;0,922372816;0,015152776;576;0,283331934
BANF1;8815;16;114;0,922372816;0,015152776;577;0,282840891
TMLHE;55217;13;86;0,922372816;0,015223271;578;0,283610641
MEX3A;92312;13;86;0,922372816;0,015223271;579;0,283120812
CAMSAP2;23271;13;86;0,922372816;0,015223271;580;0,282632673
ARHGEF15;22899;13;86;0,922372816;0,015223271;581;0,282146214
GUCY1A2;2977;13;86;0,922372816;0,015223271;582;0,281661427
TIGAR;57103;11;68;0,922372816;0,015236643;583;0,281415023
BRMS1L;84312;11;68;0,922372816;0,015236643;584;0,280933148
MDGA1;266727;12;77;0,922372816;0,015349785;585;0,282448334
COX5B;1329;6;27;0,922372816;0,015628097;586;0,286860915
C20orf24;55969;6;27;0,922372816;0,015628097;587;0,286372226
DBI;1622;6;27;0,922372816;0,015628097;588;0,285885198
GGCT;79017;6;27;0,922372816;0,015628097;589;0,285399824
HOXB2;3212;6;27;0,922372816;0,015628097;590;0,284916096
MGST3;4259;17;124;0,922372816;0,01563714;591;0,284591571
FRRS1L;23732;9;51;0,922372816;0,015743472;592;0,285959773
FGF12;2257;15;105;0,922372816;0,01574432;593;0,285492274
CNIH4;29097;15;105;0,922372816;0,01574432;594;0,285011647
DCAF6;55827;15;105;0,922372816;0,01574432;595;0,284532636
HPCA;3208;14;96;0,922372816;0,016260018;596;0,292946384
LACTB2;51110;14;96;0,922372816;0,016260018;597;0,292455687
AACS;65985;14;96;0,922372816;0,016260018;598;0,29196663
TIMM23;100287932;5;20;0,922372816;0,016272595;599;0,291694627
KRT31;3881;5;20;0,922372816;0,016272595;600;0,291208469
ARPC2;10109;16;115;0,922372816;0,01636869;601;0,292363937
AHCY;191;10;60;0,922372816;0,016549209;602;0,294951549
CS;1431;10;60;0,922372816;0,016549209;603;0,294462408
ARHGEF11;9826;13;87;0,922372816;0,016660991;604;0,295870056
FRAT2;23401;13;87;0,922372816;0,016660991;605;0,295381014
NDUFAF2;91942;11;69;0,922372816;0,016889564;606;0,298752261
SLC25A23;79085;12;78;0,922372816;0,016894615;607;0,298345159
MYLK2;85366;12;78;0,922372816;0,016894615;608;0,29785446
CRYM;1428;12;78;0,922372816;0,016894615;609;0,297365372
COL9A1;1297;12;78;0,922372816;0,016894615;610;0,296877888
RP9;6100;15;106;0,922372816;0,017060448;611;0,299165392
IDE;3416;15;106;0,922372816;0,017060448;612;0,298676559
PDAP1;11333;16;116;0,922372816;0,017658445;613;0,308135749
PLOD1;5351;16;116;0,922372816;0,017658445;614;0,307633899
FBLN2;2199;16;116;0,922372816;0,017658445;615;0,307133681
EIF1B;10289;16;116;0,922372816;0,017658445;616;0,306635088
YARS;8565;16;116;0,922372816;0,017658445;617;0,30613811
C4orf33;132321;14;97;0,922372816;0,017683718;618;0,306058947
PFKFB1;5207;14;97;0,922372816;0,017683718;619;0,305564506
EEF1A2;1917;14;97;0,922372816;0,017683718;620;0,30507166
HAPLN1;1404;14;97;0,922372816;0,017683718;621;0,304580402
HADHA;3030;14;97;0,922372816;0,017683718;622;0,304090723
AREL1;9870;14;97;0,922372816;0,017683718;623;0,303602616
HCCS;3052;14;97;0,922372816;0,017683718;624;0,303116073
CHCHD1;118487;14;97;0,922372816;0,017683718;625;0,302631087
AKR1E2;83592;14;97;0,922372816;0,017683718;626;0,302147651
PRKAA2;5563;14;97;0,922372816;0,017683718;627;0,301665757
ABCC12;94160;9;52;0,922372816;0,017762217;628;0,302457218
TMEM117;84216;9;52;0,922372816;0,017762217;629;0,301976364
RANBP3L;202151;9;52;0,922372816;0,017762217;630;0,301497037
CRADD;8738;13;88;0,922372816;0,018199284;631;0,308056268
BDNF;627;13;88;0,922372816;0,018199284;632;0,307568838
VTI1B;10490;13;88;0,922372816;0,018199284;633;0,307082947
METAP1D;254042;13;88;0,922372816;0,018199284;634;0,306598589
PLGRKT;55848;13;88;0,922372816;0,018199284;635;0,306115756
CCT6A;908;10;61;0,922372816;0,018455268;636;0,309715358
PRMT5;10419;15;107;0,922372816;0,018459142;637;0,309290762
PECR;55825;15;107;0,922372816;0,018459142;638;0,30880598
CACNA2D1;781;15;107;0,922372816;0,018459142;639;0,308322716
SLC43A1;8501;12;79;0,922372816;0,018553465;640;0,309333726
PTPN4;5775;12;79;0,922372816;0,018553465;641;0,308851146
ATP5L;10632;6;28;0,922372816;0,018613898;642;0,309323073
NDUFB8;4714;6;28;0,922372816;0,018613898;643;0,308842011
HIGD1A;25994;6;28;0,922372816;0,018613898;644;0,308362443
COX8A;1351;6;28;0,922372816;0,018613898;645;0,307884361
ARSI;340075;11;70;0,922372816;0,018672582;646;0,308327136
SAMD5;389432;11;70;0,922372816;0,018672582;647;0,307850588
HSD17B10;3028;16;117;0,922372816;0,019024759;648;0,312869334
SUB1;10923;16;117;0,922372816;0,019024759;649;0,312387255
COPS3;8533;16;117;0,922372816;0,019024759;650;0,311906659
PSMB5;5693;16;117;0,922372816;0,019024759;651;0,31142754
SORD;6652;16;117;0,922372816;0,019024759;652;0,31094989
ZNF318;24149;14;98;0,922372816;0,01920013;653;0,313184319
ARL8B;55207;14;98;0,922372816;0,01920013;654;0,312705444
FAM126B;285172;14;98;0,922372816;0,01920013;655;0,312228031
DNM3;26052;14;98;0,922372816;0,01920013;656;0,311752073
CAVIN2;8436;14;98;0,922372816;0,01920013;657;0,311277565
RHOT1;55288;14;98;0,922372816;0,01920013;658;0,310804499
EZH2;2146;14;98;0,922372816;0,01920013;659;0,310332868
MRLN;100507027;4;14;0,922372816;0,019308465;660;0,311518014
SNURF;8926;3;8;0,922372816;0,019457929;661;0,313325363
GTF2IRD2B;389524;3;8;0,922372816;0,019457929;662;0,312852062
MFAP5;8076;13;89;0,922372816;0,019842196;663;0,318211713
TCEAL8;90843;13;89;0,922372816;0,019842196;664;0,317732479
BCL2L2;599;15;108;0,922372816;0,01994347;665;0,318784793
PHF5A;84844;15;108;0,922372816;0,01994347;666;0,318306137
DIXDC1;85458;15;108;0,922372816;0,01994347;667;0,317828916
GRIP1;23426;15;108;0,922372816;0,01994347;668;0,317353125
PLXNA4;91584;9;53;0,922372816;0,019962806;669;0,317169045
mars-04;57574;9;53;0,922372816;0,019962806;670;0,316695659
HENMT1;113802;9;53;0,922372816;0,019962806;671;0,316223683
CNTNAP5;129684;5;21;0,922372816;0,020021175;672;0,316625308
VIP;7432;12;80;0,922372816;0,020331056;673;0,320773404
TSKS;60385;12;80;0,922372816;0,020331056;674;0,320297479
IDH2;3418;16;118;0,922372816;0,020470341;675;0,321890042
PPP3CB;5532;16;118;0,922372816;0,020470341;676;0,321413873
HIVEP2;3097;16;118;0,922372816;0,020470341;677;0,320939111
DAG1;1605;16;118;0,922372816;0,020470341;678;0,32046575
LINGO3;645191;10;62;0,922372816;0,020517651;679;0,320691377
CDH8;1006;11;71;0,922372816;0,02059129;680;0,32130362
IPCEF1;26034;11;71;0,922372816;0,02059129;681;0,320831808
CHPT1;56994;14;99;0,922372816;0,020812746;682;0,323608451
PLK4;10733;14;99;0,922372816;0,020812746;683;0,323134647
PBX2;5089;14;99;0,922372816;0,020812746;684;0,322662228
PTPRR;5801;14;99;0,922372816;0,020812746;685;0,322191188
RASL11B;65997;14;99;0,922372816;0,020812746;686;0,321721521
MRPL4;51073;14;99;0,922372816;0,020812746;687;0,321253222
SNX12;29934;14;99;0,922372816;0,020812746;688;0,320786284
EPHA5;2044;8;45;0,922372816;0,021262662;689;0,326837658
DNAJC15;29103;15;109;0,922372816;0,021516483;690;0,330027598
PPIC;5480;15;109;0,922372816;0,021516483;691;0,329549989
MMADHC;27249;15;109;0,922372816;0,021516483;692;0,329073761
SEMA6A;57556;15;109;0,922372816;0,021516483;693;0,328598907
CEP63;80254;13;90;0,922372816;0,021593737;694;0,329232989
GATAD2B;57459;13;90;0,922372816;0,021593737;695;0,328759273
LRRN1;57633;13;90;0,922372816;0,021593737;696;0,328286917
TRIL;9865;13;90;0,922372816;0,021593737;697;0,327815918
CERS6;253782;13;90;0,922372816;0,021593737;698;0,327346267
DUSP22;56940;13;90;0,922372816;0,021593737;699;0,326877961
RPH3A;22895;13;90;0,922372816;0,021593737;700;0,326410992
IREB2;3658;16;119;0,922372816;0,021997885;701;0,331673509
KIAA1549;57670;12;81;0,922372816;0,022232043;702;0,334508867
MYO19;80179;12;81;0,922372816;0,022232043;703;0,334033037
BRI3BP;140707;12;81;0,922372816;0,022232043;704;0,333558558
PRDM10;56980;12;81;0,922372816;0,022232043;705;0,333085425
LINGO2;158038;9;54;0,922372816;0,022353415;706;0,334316691
STARD4;134429;14;100;0,922372816;0,022525024;707;0,336246293
NOS1;4842;14;100;0,922372816;0,022525024;708;0,335771369
MRPS23;51649;14;100;0,922372816;0,022525024;709;0,335297785
PPM1L;151742;11;72;0,922372816;0,02265118;710;0,336582669
FAM229B;619208;11;72;0,922372816;0,02265118;711;0,336109275
SLC9A7;84679;11;72;0,922372816;0,02265118;712;0,335637212
ARMCX1;51309;10;63;0,922372816;0,022742966;713;0,336438686
C1orf115;79762;10;63;0,922372816;0,022742966;714;0,335967483
MYOZ3;91977;10;63;0,922372816;0,022742966;715;0,335497599
TESC;54997;15;110;0,922372816;0,023181205;716;0,341068315
COL6A1;1291;15;110;0,922372816;0,023181205;717;0,340592627
MIPEP;4285;15;110;0,922372816;0,023181205;718;0,340118264
BCKDK;10295;15;110;0,922372816;0,023181205;719;0,339645221
KCNK10;54207;13;91;0,922372816;0,02345786;720;0,34295679
HS6ST2;90161;13;91;0,922372816;0,02345786;721;0,342481121
MAP7D1;55700;13;91;0,922372816;0,02345786;722;0,342006771
SMIM12;113444;13;91;0,922372816;0,02345786;723;0,341533732
MYOZ1;58529;13;91;0,922372816;0,02345786;724;0,341062001
MAGEH1;28986;13;91;0,922372816;0,02345786;725;0,34059157
FAM49A;81553;13;91;0,922372816;0,02345786;726;0,340122436
BOLA3;388962;13;91;0,922372816;0,02345786;727;0,339654592
MIEF1;54471;13;91;0,922372816;0,02345786;728;0,339188034
IDH3A;3419;16;120;0,922372816;0,023610067;729;0,340775884
AMACR;23600;16;120;0,922372816;0,023610067;730;0,340309068
ATXN10;25814;16;120;0,922372816;0,023610067;731;0,339843529
GAL3ST3;89792;8;46;0,922372816;0,024038655;732;0,345126826
TOMM5;401505;5;22;0,922372816;0,024292314;733;0,348046107
RAB4A;5867;14;101;0,922372816;0,024340378;734;0,348212842
ALAS1;211;14;101;0,922372816;0,024340378;735;0,347739083
FBLN1;2192;14;101;0,922372816;0,024340378;736;0,347266611
PAFAH1B2;5049;14;101;0,922372816;0,024340378;737;0,346795422
PSMC6;5706;14;101;0,922372816;0,024340378;738;0,346325509
ASB13;79754;14;101;0,922372816;0,024340378;739;0,345856869
PID1;55022;14;101;0,922372816;0,024340378;740;0,345389494
HSPA12A;259217;14;101;0,922372816;0,024340378;741;0,344923382
POLR2I;5438;11;73;0,922372816;0,024857616;742;0,351269746
EPOP;100170841;11;73;0,922372816;0,024857616;743;0,350796974
HSPE1;3336;11;73;0,922372816;0,024857616;744;0,350325473
VIPR1;7433;11;73;0,922372816;0,024857616;745;0,349855237
NDRG4;65009;15;111;0,922372816;0,024940625;746;0,350471538
ATRN;8455;15;111;0,922372816;0,024940625;747;0,350002366
AMZ2;51321;15;111;0,922372816;0,024940625;748;0,349534448
NLK;51701;15;111;0,922372816;0,024940625;749;0,34906778
SLC11A2;4891;15;111;0,922372816;0,024940625;750;0,348602356
UCHL5;51377;15;111;0,922372816;0,024940625;751;0,348138172
DCTPP1;79077;15;111;0,922372816;0,024940625;752;0,347675222
PTCD2;79810;15;111;0,922372816;0,024940625;753;0,347213502
PLEKHG4;25894;9;55;0,922372816;0,024941932;754;0,346769912
ATOH7;220202;9;55;0,922372816;0,024941932;755;0,346310615
UNC13A;23025;10;64;0,922372816;0,025137632;756;0,348375175
SSBP1;6742;16;121;0,922372816;0,025309533;757;0,350125456
NDUFB2;4708;16;121;0,922372816;0,025309533;758;0,349663549
MRPS30;10884;13;92;0,922372816;0,025438454;759;0,350854792
NRARP;441478;13;92;0,922372816;0,025438454;760;0,350393141
RPE;6120;6;30;0,922372816;0,025703342;761;0,35331392
UQCR11;10975;6;30;0,922372816;0,025703342;762;0,352850253
PDCD5;9141;6;30;0,922372816;0,025703342;763;0,352387802
ATP2B2;491;14;102;0,922372816;0,026262172;764;0,359014164
PPIF;10105;14;102;0,922372816;0,026262172;765;0,358544864
PKNOX2;63876;14;102;0,922372816;0,026262172;766;0,35807679
EGR2;1959;14;102;0,922372816;0,026262172;767;0,357609936
NUDCD2;134492;14;102;0,922372816;0,026262172;768;0,357144298
AQP4;361;14;102;0,922372816;0,026262172;769;0,356679871
THTPA;79178;14;102;0,922372816;0,026262172;770;0,356216651
PDF;64146;12;83;0,922372816;0,026422396;771;0,357763913
TMEM183B;653659;12;83;0,922372816;0,026422396;772;0,357300488
GLT8D2;83468;12;83;0,922372816;0,026422396;773;0,356838262
DYRK1B;9149;12;83;0,922372816;0,026422396;774;0,356377231
GFOD1;54438;12;83;0,922372816;0,026422396;775;0,355917389
NRSN1;140767;12;83;0,922372816;0,026422396;776;0,355458733
PDGFRL;5157;12;83;0,922372816;0,026422396;777;0,355001257
SARS;6301;15;112;0,922372816;0,026797691;778;0,359201384
ACO2;50;15;112;0,922372816;0,026797691;779;0,358740279
RBM20;282996;11;74;0,922372816;0,027215813;780;0,363442369
AHSA1;10598;13;93;0,922372816;0,027539326;781;0,366956877
INA;9118;13;93;0,922372816;0,027539326;782;0,366487623
LCLAT1;253558;13;93;0,922372816;0,027539326;783;0,366019567
RDH13;112724;13;93;0,922372816;0,027539326;784;0,365552705
RB1CC1;9821;13;93;0,922372816;0,027539326;785;0,365087033
CMBL;134147;13;93;0,922372816;0,027539326;786;0,364622546
ECHDC1;55862;13;93;0,922372816;0,027539326;787;0,364159239
ITGA4;3676;13;93;0,922372816;0,027539326;788;0,363697108
NUDT16L1;84309;13;93;0,922372816;0,027539326;789;0,363236148
MMP15;4324;13;93;0,922372816;0,027539326;790;0,362776356
PANK1;53354;13;93;0,922372816;0,027539326;791;0,362317726
TMEM246;84302;13;93;0,922372816;0,027539326;792;0,361860254
TMEM229A;730130;10;65;0,922372816;0,027707843;793;0,36344259
ASB10;136371;10;65;0,922372816;0,027707843;794;0,362984854
GRIA1;2890;10;65;0,922372816;0,027707843;795;0,362528269
GPA33;10223;9;56;0,922372816;0,027735906;796;0,362410853
PPP1R1C;151242;9;56;0,922372816;0,027735906;797;0,361956134
BDH1;622;14;103;0,922372816;0,028293702;798;0,368192238
NSMCE2;286053;14;103;0,922372816;0,028293702;799;0,367731422
MRM3;55178;14;103;0,922372816;0,028293702;800;0,367271758
PCYOX1;51449;14;103;0,922372816;0,028293702;801;0,366813241
OTUD6B;51633;14;103;0,922372816;0,028293702;802;0,366355868
EIF4E3;317649;14;103;0,922372816;0,028293702;803;0,365899634
DCK;1633;14;103;0,922372816;0,028293702;804;0,365444535
MFSD6;54842;14;103;0,922372816;0,028293702;805;0,364990567
CD27;939;12;84;0,922372816;0,02872059;806;0,369591306
GRIP2;80852;12;84;0,922372816;0,02872059;807;0,369133324
TPX2;22974;12;84;0,922372816;0,02872059;808;0,368676476
KIF1BP;26128;12;84;0,922372816;0,02872059;809;0,368220757
FSCN1;6624;12;84;0,922372816;0,02872059;810;0,367766164
RETN;56729;12;84;0,922372816;0,02872059;811;0,367312691
LURAP1L;286343;12;84;0,922372816;0,02872059;812;0,366860336
METTL23;124512;12;84;0,922372816;0,02872059;813;0,366409093
ASIC1;41;12;84;0,922372816;0,02872059;814;0,365958959
MZT1;440145;12;84;0,922372816;0,02872059;815;0,36550993
SDHB;6390;15;113;0,922372816;0,0287553;816;0,365467285
LMAN2;10960;15;113;0,922372816;0,0287553;817;0,365019957
PCCA;5095;15;113;0,922372816;0,0287553;818;0,364573722
UBAC1;10422;15;113;0,922372816;0,0287553;819;0,364128577
OSTC;58505;15;113;0,922372816;0,0287553;820;0,363684518
TRIM32;22954;15;113;0,922372816;0,0287553;821;0,363241541
PIAS2;9063;16;123;0,922372816;0,028980729;822;0,365410556
UBE2F;140739;5;23;0,922372816;0,02910736;823;0,366429828
BORCS7;119032;5;23;0,922372816;0,02910736;824;0,365985132
CHCHD4;131474;5;23;0,922372816;0,02910736;825;0,365541513
UXS1;80146;11;75;0,922372816;0,029730816;826;0,372260437
PPM1E;22843;11;75;0,922372816;0,029730816;827;0,371810303
PRR11;55771;11;75;0,922372816;0,029730816;828;0,371361257
NOTUM;147111;11;75;0,922372816;0,029730816;829;0,370913294
KYNU;8942;13;94;0,922372816;0,029764194;830;0,370847194
ELAVL4;1996;13;94;0,922372816;0,029764194;831;0,370400928
TMEM143;55260;13;94;0,922372816;0,029764194;832;0,369955735
PLA2G12A;81579;13;94;0,922372816;0,029764194;833;0,36951161
TM2D2;83877;13;94;0,922372816;0,029764194;834;0,369068551
CPEB3;22849;13;94;0,922372816;0,029764194;835;0,368626552
MRPS24;64951;13;94;0,922372816;0,029764194;836;0,368185611
MMACHC;25974;13;94;0,922372816;0,029764194;837;0,367745724
TFB2M;64216;8;48;0,922372816;0,030331856;838;0,373709083
NWD2;57495;8;48;0,922372816;0,030331856;839;0,373263661
GNAZ;2781;14;104;0,922372816;0,030438194;840;0,374013247
ASIC2;40;14;104;0,922372816;0,030438194;841;0,373568522
UBE2A;7319;14;104;0,922372816;0,030438194;842;0,373124854
LPIN1;23175;14;104;0,922372816;0,030438194;843;0,372682239
KCND2;3751;10;66;0,922372816;0,030459539;844;0,372479098
SRSF12;135295;10;66;0,922372816;0,030459539;845;0,372038294
SYTL2;54843;10;66;0,922372816;0,030459539;846;0,371598532
COL6A3;1293;10;66;0,922372816;0,030459539;847;0,371159809
LAMB1;3912;15;114;0,922372816;0,030816288;848;0,374683587
HSBP1;3281;15;114;0,922372816;0,030816288;849;0,374242264
UQCRC1;7384;15;114;0,922372816;0,030816288;850;0,373801979
RAD1;5810;15;114;0,922372816;0,030816288;851;0,373362729
OR52W1;120787;4;16;0,922372816;0,031007912;852;0,375038759
LRRC8B;23507;12;85;0,922372816;0,031159803;853;0,376271189
SVOP;55530;12;85;0,922372816;0,031159803;854;0,37583059
IFT80;57560;12;85;0,922372816;0,031159803;855;0,375391022
CENPF;1063;12;85;0,922372816;0,031159803;856;0,374952481
P2RX2;22953;12;85;0,922372816;0,031159803;857;0,374514964
KCNA5;3741;13;95;0,922372816;0,032116667;858;0,384514501
ZNF436;80818;13;95;0,922372816;0,032116667;859;0,384066871
APPL1;26060;13;95;0,922372816;0,032116667;860;0,383620281
VPS37A;137492;13;95;0,922372816;0,032116667;861;0,383174729
PPP1R14C;81706;13;95;0,922372816;0,032116667;862;0,382730211
MTX2;10651;13;95;0,922372816;0,032116667;863;0,382286723
B3GALNT1;8706;13;95;0,922372816;0,032116667;864;0,381844261
ACTG2;72;13;95;0,922372816;0,032116667;865;0,381402823
AK1;203;11;76;0,922372816;0,032407473;866;0,384092481
ABHD11;83451;11;76;0,922372816;0,032407473;867;0,383649468
SETD7;80854;11;76;0,922372816;0,032407473;868;0,383207475
LYRM7;90624;11;76;0,922372816;0,032407473;869;0,3827665
DTNA;1837;11;76;0,922372816;0,032407473;870;0,382326538
ANKRD34A;284615;11;76;0,922372816;0,032407473;871;0,381887587
LRRC75A;388341;11;76;0,922372816;0,032407473;872;0,381449643
GABBR1;2550;14;105;0,922372816;0,03269879;873;0,38411744
BCKDHB;594;14;105;0,922372816;0,03269879;874;0,383677947
DIMT1;27292;14;105;0,922372816;0,03269879;875;0,383239457
NFYC;4802;14;105;0,922372816;0,03269879;876;0,382801969
MINDY3;80013;14;105;0,922372816;0,03269879;877;0,382365479
CA2;760;14;105;0,922372816;0,03269879;878;0,381929983
CDCA7;83879;14;105;0,922372816;0,03269879;879;0,381495478
PDZRN3;23024;14;105;0,922372816;0,03269879;880;0,381061961
BLMH;642;14;105;0,922372816;0,03269879;881;0,380629427
POP1;10940;14;105;0,922372816;0,03269879;882;0,380197874
QRSL1;55278;14;105;0,922372816;0,03269879;883;0,379767299
SYNJ2BP;55333;15;115;0,922372816;0,032983428;884;0,382328054
PPP2R5C;5527;15;115;0,922372816;0,032983428;885;0,381896045
CSRP2;1466;15;115;0,922372816;0,032983428;886;0,381465011
SEC23IP;11196;15;115;0,922372816;0,032983428;887;0,381034949
RNF10;9921;15;115;0,922372816;0,032983428;888;0,380605856
MRPL58;3396;15;115;0,922372816;0,032983428;889;0,380177728
TIAM1;7074;15;115;0,922372816;0,032983428;890;0,379750562
RFXAP;5994;10;67;0,922372816;0,03339838;891;0,383639966
NEUROD6;63974;10;67;0,922372816;0,03339838;892;0,383209876
MEX3C;51320;10;67;0,922372816;0,03339838;893;0,382780749
CSRNP2;81566;12;86;0,922372816;0,033744105;894;0,38592751
ATPAF1;64756;12;86;0,922372816;0,033744105;895;0,385496306
DRD1;1812;12;86;0,922372816;0,033744105;896;0,385066064
FAM210B;116151;12;86;0,922372816;0,033744105;897;0,384636782
LEO1;123169;12;86;0,922372816;0,033744105;898;0,384208456
SERF2;10169;12;86;0,922372816;0,033744105;899;0,383781083
CAMKV;79012;12;86;0,922372816;0,033744105;900;0,38335466
OSGEPL1;64172;12;86;0,922372816;0,033744105;901;0,382929183
HS3ST5;222537;8;49;0,922372816;0,033866342;902;0,383755552
RAPGEFL1;51195;9;58;0,922372816;0,033968481;903;0,384373909
KLHL30;377007;9;58;0,922372816;0,033968481;904;0,383948716
DNAJC14;85406;5;24;0,922372816;0,034483631;905;0,38876468
FUNDC2;65991;5;24;0,922372816;0,034483631;906;0,388335579
NDUFV3;4731;5;24;0,922372816;0,034483631;907;0,387907426
VMA21;203547;5;24;0,922372816;0,034483631;908;0,387480215
AKIRIN2;55122;13;96;0,922372816;0,034600238;909;0,388232505
THOC7;80145;13;96;0,922372816;0,034600238;910;0,387805876
SS18L2;51188;13;96;0,922372816;0,034600238;911;0,387380183
APOOL;139322;13;96;0,922372816;0,034600238;912;0,386955424
PGPEP1;54858;13;96;0,922372816;0,034600238;913;0,386531596
FBXL19;54620;13;96;0,922372816;0,034600238;914;0,386108695
RET;5979;13;96;0,922372816;0,034600238;915;0,385686718
ARMC8;25852;14;106;0,922372816;0,035078538;916;0,390053807
WFDC1;58189;14;106;0,922372816;0,035078538;917;0,389628448
TRAK1;22906;14;106;0,922372816;0,035078538;918;0,389204017
BCS1L;617;14;106;0,922372816;0,035078538;919;0,388780508
MTFR1L;56181;14;106;0,922372816;0,035078538;920;0,388357921
PSMA4;5685;14;106;0,922372816;0,035078538;921;0,387936251
MTMR2;8898;14;106;0,922372816;0,035078538;922;0,387515496
PHLDB2;90102;11;77;0,922372816;0,035250421;923;0,388799727
MAP6D1;79929;11;77;0,922372816;0,035250421;924;0,388378948
COX16;51241;11;77;0,922372816;0,035250421;925;0,387959079
FOXM1;2305;15;116;0,922372816;0,035259415;926;0,387628949
TST;7263;15;116;0,922372816;0,035259415;927;0,387210795
CCND2;894;15;116;0,922372816;0,035259415;928;0,386793542
DRP2;1821;12;87;0,922372816;0,036477403;929;0,398320355
HIST1H1C;3006;12;87;0,922372816;0,036477403;930;0,397892054
DNAJC27;51277;12;87;0,922372816;0,036477403;931;0,397464673
DTNBP1;84062;12;87;0,922372816;0,036477403;932;0,397038208
DSTN;11034;12;87;0,922372816;0,036477403;933;0,396612658
SDHAF3;57001;12;87;0,922372816;0,036477403;934;0,396188019
MRPS28;28957;10;68;0,922372816;0,036529714;935;0,396271855
SLC25A46;91137;10;68;0,922372816;0,036529714;936;0,395848488
GRAMD1B;57476;13;97;0,922372816;0,037218271;937;0,402076753
MSH3;4437;13;97;0,922372816;0,037218271;938;0,401648099
EMP2;2013;13;97;0,922372816;0,037218271;939;0,401220359
CDC6;990;13;97;0,922372816;0,037218271;940;0,400793529
CTNNBIP1;56998;13;97;0,922372816;0,037218271;941;0,400367606
ANK1;286;13;97;0,922372816;0,037218271;942;0,399942587
RPF2;84154;13;97;0,922372816;0,037218271;943;0,39951847
URI1;8725;13;97;0,922372816;0,037218271;944;0,399095251
ADCY6;112;13;97;0,922372816;0,037218271;945;0,398672928
OCIAD2;132299;9;59;0,922372816;0,037420121;946;0,400177023
KIRREL3;84623;9;59;0,922372816;0,037420121;947;0,399754449
FUOM;282969;9;59;0,922372816;0,037420121;948;0,399332768
AMD1;262;9;59;0,922372816;0,037420121;949;0,398911974
DYNC1LI1;51143;14;107;0,922372816;0,037580383;950;0,400012643
COQ5;84274;14;107;0,922372816;0,037580383;951;0,39959202
EGFR;1956;14;107;0,922372816;0,037580383;952;0,399172281
MTERF3;51001;14;107;0,922372816;0,037580383;953;0,398753422
ATP5J2;9551;14;107;0,922372816;0,037580383;954;0,398335441
NAA30;122830;14;107;0,922372816;0,037580383;955;0,397918336
CHORDC1;26973;15;117;0,922372816;0,037646865;956;0,398128469
NARS;4677;15;117;0,922372816;0,037646865;957;0,397712451
TNPO3;23534;15;117;0,922372816;0,037646865;958;0,397297303
ST6GAL2;84620;8;50;0,922372816;0,037669808;959;0,397098441
RNF150;57484;11;78;0,922372816;0,038264061;960;0,402247413
KLF13;51621;11;78;0,922372816;0,038264061;961;0,401828841
PTP4A1;7803;11;78;0,922372816;0,038264061;962;0,401411139
PREX1;57580;11;78;0,922372816;0,038264061;963;0,400994305
CEP72;55722;11;78;0,922372816;0,038264061;964;0,400578336
DDX55;57696;12;88;0,922372816;0,039363422;965;0,410344065
TMEM150A;129303;12;88;0,922372816;0,039363422;966;0,409919278
TAF15;8148;10;69;0,922372816;0,039858553;967;0,414047174
ADRA1D;146;10;69;0,922372816;0,039858553;968;0,41361944
PSMG1;8624;13;98;0,922372816;0,039973987;969;0,41424946
ZNF362;149076;13;98;0,922372816;0,039973987;970;0,413822399
VAMP7;6845;13;98;0,922372816;0,039973987;971;0,413396217
RBP4;5950;13;98;0,922372816;0,039973987;972;0,412970912
UQCC1;55245;13;98;0,922372816;0,039973987;973;0,412546482
GPD1;2819;13;98;0,922372816;0,039973987;974;0,412122923
CSNK1D;1453;15;118;0,922372816;0,040148301;975;0,413284845
APEX1;328;15;118;0,922372816;0,040148301;976;0,412861397
YWHAE;7531;15;118;0,922372816;0,040148301;977;0,412438816
LARP4B;23185;14;108;0,922372816;0,040207157;978;0,412550088
GAP43;2596;14;108;0,922372816;0,040207157;979;0,412128688
NIT2;56954;14;108;0,922372816;0,040207157;980;0,411708149
CHN1;1123;14;108;0,922372816;0,040207157;981;0,411288467
CDH5;1003;14;108;0,922372816;0,040207157;982;0,410869639
WDR5;11091;14;108;0,922372816;0,040207157;983;0,410451664
KLRB1;3820;5;25;0,922372816;0,040434342;984;0,412077376
ARHGEF9;23229;9;60;0,922372816;0,041103223;985;0,41764961
SLC36A2;153201;9;60;0,922372816;0,041103223;986;0,417226031
DUSP13;51207;9;60;0,922372816;0,041103223;987;0,416803309
FAM71E1;112703;7;42;0,922372816;0,041393023;988;0,418960799
SELENOW;6415;11;79;0,922372816;0,041452539;989;0,419065747
DCX;1641;11;79;0,922372816;0,041452539;990;0,418642448
FAM171A1;221061;11;79;0,922372816;0,041452539;991;0,418220004
C11orf74;119710;12;89;0,922372816;0,042405691;992;0,426209282
ING2;3622;12;89;0,922372816;0,042405691;993;0,425780068
CNRIP1;25927;12;89;0,922372816;0,042405691;994;0,425351718
SNTB1;6641;12;89;0,922372816;0,042405691;995;0,424924229
LRRN3;54674;12;89;0,922372816;0,042405691;996;0,424497598
CNTF;1270;12;89;0,922372816;0,042405691;997;0,424071823
TOMM70;9868;15;119;0,922372816;0,042766149;998;0,426794629
QDPR;5860;15;119;0,922372816;0,042766149;999;0,426367407
CYB5B;80777;15;119;0,922372816;0,042766149;1000;0,425941039
MME;4311;15;119;0,922372816;0,042766149;1001;0,425515524
CDC5L;988;15;119;0,922372816;0,042766149;1002;0,425090858
PIK3CD;5293;15;119;0,922372816;0,042766149;1003;0,424667038
DTD1;92675;15;119;0,922372816;0,042766149;1004;0,424244063
JAGN1;84522;13;99;0,922372816;0,042870454;1005;0,424725022
COG6;57511;13;99;0,922372816;0,042870454;1006;0,42430283
EIF5;1983;13;99;0,922372816;0,042870454;1007;0,423881477
PYGM;5837;13;99;0,922372816;0,042870454;1008;0,423460959
SYNGR3;9143;13;99;0,922372816;0,042870454;1009;0,423041276
NSDHL;50814;13;99;0,922372816;0,042870454;1010;0,422622423
POMC;5443;13;99;0,922372816;0,042870454;1011;0,422204399
ARL2BP;23568;13;99;0,922372816;0,042870454;1012;0,421787201
THOC3;84321;13;99;0,922372816;0,042870454;1013;0,421370826
PTS;5805;14;109;0,922372816;0,042961572;1014;0,421736676
CUX2;23316;14;109;0,922372816;0,042961572;1015;0,421321172
RUVBL2;10856;14;109;0,922372816;0,042961572;1016;0,420906486
ANKH;56172;14;109;0,922372816;0,042961572;1017;0,420492615
TEX2;55852;14;109;0,922372816;0,042961572;1018;0,420079558
SLCO1C1;53919;10;70;0,922372816;0,043389549;1019;0,423313094
TYRP1;7306;10;70;0,922372816;0,043389549;1020;0,422898081
RWDD1;51389;10;70;0,922372816;0,043389549;1021;0,422483881
MACROD2;140733;10;70;0,922372816;0,043389549;1022;0,422070492
PHOSPHO2-KLHL23;100526832;10;70;0,922372816;0,043389549;1023;0,421657911
FAR2;55711;10;70;0,922372816;0,043389549;1024;0,421246135
VSTM2A;222008;10;70;0,922372816;0,043389549;1025;0,420835163
RGMB;285704;10;70;0,922372816;0,043389549;1026;0,420424993
GPR161;23432;11;80;0,922372816;0,044819732;1027;0,432028007
KCNH5;27133;11;80;0,922372816;0,044819732;1028;0,431607746
SNCB;6620;11;80;0,922372816;0,044819732;1029;0,431188303
RIMS3;9783;11;80;0,922372816;0,044819732;1030;0,430769673
RNF125;54941;11;80;0,922372816;0,044819732;1031;0,430351856
PLPPR1;54886;11;80;0,922372816;0,044819732;1032;0,429934848
LMOD3;56203;11;80;0,922372816;0,044819732;1033;0,429518648
LRRC39;127495;11;80;0,922372816;0,044819732;1034;0,429103253
IGF2BP3;10643;11;80;0,922372816;0,044819732;1035;0,42868866
TCTEX1D1;200132;9;61;0,922372816;0,045023061;1036;0,42995842
FNDC4;64838;9;61;0,922372816;0,045023061;1037;0,429543803
PKIA;5569;15;120;0,922372816;0,045502732;1038;0,433084715
XPNPEP1;7511;15;120;0,922372816;0,045502732;1039;0,432667887
UNG;7374;15;120;0,922372816;0,045502732;1040;0,43225186
CAMK2A;815;12;90;0,922372816;0,04560753;1041;0,432696445
INTS13;55726;12;90;0,922372816;0,04560753;1042;0,43228119
OLFML2B;25903;12;90;0,922372816;0,04560753;1043;0,43186673
MRPL47;57129;12;90;0,922372816;0,04560753;1044;0,431453065
ELMO1;9844;12;90;0,922372816;0,04560753;1045;0,431040191
NTMT1;28989;12;90;0,922372816;0,04560753;1046;0,430628107
CHRM1;1128;12;90;0,922372816;0,04560753;1047;0,43021681
NEDD1;121441;12;90;0,922372816;0,04560753;1048;0,429806297
HPDL;84842;12;90;0,922372816;0,04560753;1049;0,429396568
PGM2L1;283209;12;90;0,922372816;0,04560753;1050;0,428987619
BLOC1S2;282991;12;90;0,922372816;0,04560753;1051;0,428579448
GLRX2;51022;12;90;0,922372816;0,04560753;1052;0,428172053
VPS37B;79720;14;110;0,922372816;0,045846209;1053;0,429699056
SIAH2;6478;14;110;0,922372816;0,045846209;1054;0,429291372
EXOSC5;56915;14;110;0,922372816;0,045846209;1055;0,428884461
FTO;79068;14;110;0,922372816;0,045846209;1056;0,42847832
PKIG;11142;14;110;0,922372816;0,045846209;1057;0,428072948
CDC37L1;55664;14;110;0,922372816;0,045846209;1058;0,427668343
ABI2;10152;14;110;0,922372816;0,045846209;1059;0,427264501
PNO1;56902;14;110;0,922372816;0,045846209;1060;0,426861421
TBL2;26608;13;100;0,922372816;0,045910576;1061;0,426976085
STX1A;6804;13;100;0,922372816;0,045910576;1062;0,426574036
ASPM;259266;13;100;0,922372816;0,045910576;1063;0,426172744
GAS1;2619;13;100;0,922372816;0,045910576;1064;0,425772205
ACOT8;10005;13;100;0,922372816;0,045910576;1065;0,425372419
ELMO2;63916;13;100;0,922372816;0,045910576;1066;0,424973383
GALNT11;63917;13;100;0,922372816;0,045910576;1067;0,424575095
TRAPPC1;58485;13;100;0,922372816;0,045910576;1068;0,424177553
ARMT1;79624;13;100;0,922372816;0,045910576;1069;0,423780754
INPP4B;8821;13;100;0,922372816;0,045910576;1070;0,423384698
KLHL24;54800;13;100;0,922372816;0,045910576;1071;0,42298938
FMO1;2326;13;100;0,922372816;0,045910576;1072;0,422594801
UBE2N;7334;8;52;0,922372816;0,046110383;1073;0,423786396
C12orf60;144608;7;43;0,922372816;0,04625196;1074;0,424512834
P2RX5;5026;5;26;0,922372816;0,046968597;1075;0,429770296
NDUFB11;54539;5;26;0,922372816;0,046968597;1076;0,429370881
METTL13;51603;10;71;0,922372816;0,047126968;1077;0,430215238
HFE2;148738;10;71;0,922372816;0,047126968;1078;0,429816151
TCFL5;10732;10;71;0,922372816;0,047126968;1079;0,429417804
OR10K2;391107;3;11;0,922372816;0,048116896;1080;0,436737504
CCT4;10575;15;121;0,922372816;0,04836026;1081;0,438220815
SFPQ;6421;15;121;0,922372816;0,04836026;1082;0,437815805
DPP4;1803;15;121;0,922372816;0,04836026;1083;0,437411543
CCDC167;154467;11;81;0,922372816;0,048369227;1084;0,437077308
DOK5;55816;11;81;0,922372816;0,048369227;1085;0,436674472
CCKBR;887;11;81;0,922372816;0,048369227;1086;0,436272377
KIF18B;146909;11;81;0,922372816;0,048369227;1087;0,435871023
ACVR2A;92;14;111;0,922372816;0,04886351;1088;0,439268903
IFT27;11020;14;111;0,922372816;0,04886351;1089;0,438865534
CNOT8;9337;14;111;0,922372816;0,04886351;1090;0,438462905
GTF2I;2969;14;111;0,922372816;0,04886351;1091;0,438061015
PRKCI;5584;14;111;0,922372816;0,04886351;1092;0,43765986
ARG2;384;14;111;0,922372816;0,04886351;1093;0,437259439
COQ10A;93058;14;111;0,922372816;0,04886351;1094;0,43685975
KCNJ12;3768;14;111;0,922372816;0,04886351;1095;0,436460792
MPZ;4359;12;91;0,922372816;0,048972037;1096;0,436888738
LDHD;197257;12;91;0,922372816;0,048972037;1097;0,436490481
AGK;55750;12;91;0,922372816;0,048972037;1098;0,436092948
KCTD3;51133;12;91;0,922372816;0,048972037;1099;0,435696139
UST;10090;12;91;0,922372816;0,048972037;1100;0,435300052
TMX2;51075;12;91;0,922372816;0,048972037;1101;0,434904684
DENND6B;414918;12;91;0,922372816;0,048972037;1102;0,434510034
LMO4;8543;13;101;0,922372816;0,049097082;1103;0,435061197
ATP5S;27109;13;101;0,922372816;0,049097082;1104;0,43466712
SPTBN2;6712;13;101;0,922372816;0,049097082;1105;0,434273756
LIPE;3991;13;101;0,922372816;0,049097082;1106;0,433881103
DCTN5;84516;13;101;0,922372816;0,049097082;1107;0,43348916
E2F1;1869;13;101;0,922372816;0,049097082;1108;0,433097925
CNTN1;1272;13;101;0,922372816;0,049097082;1109;0,432707394
SLITRK3;22865;9;62;0,922372816;0,049184357;1110;0,432972554
C11orf57;55216;9;62;0,922372816;0,049184357;1111;0,43258284